"","seed","edge_out","edge_effect_out","total_grassy_edge_length","total_grassy_edge_cells","pol_sensitivity_osr_out","pol_sensitivity_fb_out","total_osr_fields","mean_visitation_rate_osr","max_visitation_rate_osr","total_protit_from_osr","profit_per_hectar_osr","protfit_from_osr_no_polination","protfit_from_osr_no_polination_per_hecater","yield_osr","total_fb_fields","mean_visitation_rate_fb","max_visitation_rate_fb","total_protit_from_fb","profit_per_hectar_fb","protfit_from_fb_no_polination","protfit_from_fb_no_polination_per_hecater","yield_fb","total_gros_margin","tota_gross_maring_not_polination","gross_margin_per_hectare_of_arable","gross_margin_sum_per_hectare_no_polination","forest_cover","grassland_cover","arable_cover","winter_wheat","winter_barley","summer_barley","maize","oilseed","peas","sugar_beet","potatoe","alfalfa","lay","fava_beans","area_mean","area_sd","shape_mean","shape_sd","number_of_queens_per_ha","param_calcGras","param_Edge","param_forest","param_mean_field_size","param_sd_field_size","param_mean_shape_index","param_sd_shape_index","max_visitation_osr","max_visitation_fb","calories","seminatural","V1","V2","V3","row_mean"
"18176",6173,10,25,181.34,1024592,0.19,0.32,264389,0.173521598656771,0.179177196183093,257.57801090074,9.74238757666696,-1158.81516805904,-43.8299312020937,849.787671153591,1463,0.233605716392439,0.233814351497525,1.26346345190759,8.63611382028427,-15.2661264288451,-104.348095890944,3.06917381744853,61602.7945620293,60169.8717931888,290.579219632214,283.820149967871,24,23,53,0.0470182678834118,0.12475520396564,0.239370145451606,0.219814343941045,0.215692188760802,0.0206359060890301,0.05,0.03,0.05,0,0.00271394390846513,0.533080769230769,0.461109443677616,1.07343675895107,0.0545302470470698,9.91830085326909,23,10,24,115,99,3.51086276676506,0.504741798527539,0.2407078,0.3182804,3027.02419869618,47,0.87252909087388,0.385623240504918,0.916666666666667,0.724939666015155
"27297",4698,10,25,218.02,1301918,0.19,0.32,199659,0.168473811385398,0.171173696387682,36.8718411357838,1.84674074976754,-906.220120601787,-45.3883932405645,633.748901724291,331754,0.22415672503314,0.227125896425391,-93.5490070469925,-2.81983056864401,-3395.8741634989,-102.361212328982,683.040399977981,75202.6496252581,70957.232507069,284.858521307796,268.77739586011,10,24,66,0.153245616171019,0.0168972288773988,0.112381377509652,0.212486704998117,0.141179757186524,0.0034911281084621,0.05,0.03,0.05,0,0.230318187148827,0.461442068965517,0.387266431389964,1.08441209565672,0.0664866380587235,9.76714425334878,24,10,10,126,57,2.78772969730198,1.91064692828804,0.2407078,0.3182804,3574.86052581938,34,0.85127577845031,0.31490746463135,0.958333333333333,0.708172192138331
"30893",3433,10,25,149.16,845406,0.19,0.32,134168,0.164372089225586,0.169533384732006,-0.67760622662977,-0.0505043100165293,-569.748695788475,-42.465319285409,424.580645107319,121107,0.21766295893152,0.224616901124371,-135.166787691,-11.1609393091233,-1227.43175870385,-101.351016762354,245.906502596957,77606.7480029156,75945.411942341,359.290500013498,351.59912936269,21,25,54,0.229632238343096,0.205794753523068,0.0700627652544857,0.0957450248394865,0.107100907495397,0.0679380895233477,0.05,0.03,0.05,0,0.0937262210211187,0.957229787234043,0.812713482788604,1.07901503988418,0.0641866785959638,9.34066796360694,25,10,21,239,93,1.37866155896336,0.460871356748976,0.2407078,0.3182804,3286.76611345814,46,0.791311252707425,0.280888381398097,1,0.690733211368507
"13161",3500,10,25,121.02,725048,0.19,0.32,229335,0.161989017849054,0.165369703311976,132.701597947232,5.78636483516394,-785.450334299086,-34.2490389299098,732.522369316948,37947,0.217337163691476,0.219296510366563,-48.2361990194337,-12.7114657336374,-388.03056262454,-102.255926061228,76.8507507820775,83462.5842844172,82204.6379885658,393.691435303855,387.75772636116,22,25,53,0.251525224950649,0.124268553186702,0.216153038774728,0.0163280699189345,0.170148532256129,0.0596800205815325,0.05,0.03,0.05,0,0.0318965603313247,1.54983736263736,1.40182225459486,1.08694741079803,0.0646179708186314,9.16834726134831,25,10,22,535,124,2.82934072241187,0.142344485968351,0.2407078,0.3182804,3093.85919831609,47,0.767082170258611,0.302637857045487,1,0.689906675768033
"27675",3756,10,25,138.16,768341,0.19,0.32,91176,0.164947077790222,0.167772692554469,3.56864514288665,0.391401810003361,-389.481737628651,-42.7175723467416,288.73465551157,78209,0.216252935748402,0.221694097356055,-98.8576483367915,-12.6401882566957,-788.570671559174,-100.82863501121,158.408840582059,94607.8037753547,93525.0403693609,463.763743996837,458.456080241965,25,24,51,0.430654365585922,0.00207066990076797,0.0772018889325211,0.165948436253492,0.081092258686734,0.0457084398994995,0.05,0.03,0.05,0,0.0673239407410631,1.01234841269841,0.726963144235979,1.06831956258872,0.0544239245742274,9.34058698733337,24,10,25,229,75,1.20585601683706,0.600977492379025,0.2407078,0.3182804,3710.63158214617,49,0.791299867071324,0.278385666271709,0.958333333333333,0.676006288892122
"11586",3668,10,25,113.2,623080,0.19,0.32,185897,0.162767487370829,0.168713512494965,189.740981842449,10.2067801977681,-576.81521906449,-31.0287535067532,597.939438261434,92857,0.214637355018712,0.222572895828298,-80.5459415923856,-8.6741916702441,-893.38575784945,-96.2109219390515,189.331014103172,99043.7910328605,97464.3950156966,485.508779572846,477.766642233807,25,24,51,0.189475247978149,0.0765009169049541,0.18217246242214,0.176960017521037,0.117288400882317,0.0638570924422901,0.05,0.03,0.05,0,0.0637458618491133,2.19109090909091,1.94500997321764,1.08010458995906,0.0540301111467561,8.88661926490643,24,10,25,656,153,3.90220555011183,0.629630325897597,0.2407078,0.3182804,4089.88599328708,49,0.727469919586115,0.33498795834935,0.958333333333333,0.673597070422933
"27729",9870,10,25,104.7,564900,0.19,0.32,208571,0.156622432483277,0.163374251171341,189.938442117896,9.10665634809708,-575.15877062823,-27.5761621044263,669.708131724905,35047,0.212612621817631,0.215770668964699,-35.1283341553827,-10.0232071662005,-329.526350073761,-94.0241247678149,71.2982686443172,104093.74395618,103034.248727515,491.008226208396,486.010607205261,22,25,53,0.165523224171743,0.263636715466184,0.0765287696527331,0.209427626613515,0.129782937994123,0.00688948491679459,0.05,0.03,0.05,0,0.0182112411849073,3.12745098039216,2.26055374714892,1.08991879093869,0.0475982045036014,8.4094943103469,25,10,22,765,88,1.35319171845913,1.83027674497571,0.2407078,0.3182804,4733.61813490359,47,0.660383958869339,0.325888020889658,1,0.662090659919666
"21191",7052,10,25,115.54,692861,0.19,0.32,30731,0.151501046026947,0.153126818896304,0.355980577206673,0.115837615829837,-104.209719689063,-33.9102924372987,97.2755231053856,361966,0.202934685079252,0.210486089439024,-695.068291889333,-19.2025851016209,-3495.02473581985,-96.5567134985013,725.062115032353,104666.558237047,101762.03609285,451.148957918306,438.629465917457,17,25,58,0.180752027923404,0.036745905857333,0.168000213045221,0.0475880524630386,0.0272658294594564,0.180434719922893,0.05,0.03,0.05,0,0.229213251328654,2.14235769230769,1.95346897232824,1.08892982254473,0.0663929277847974,8.76056750392621,25,10,17,672,194,2.24833776056767,1.70705438917503,0.2407078,0.3182804,3703.88609724193,42,0.709746462859342,0.257141303688884,1,0.655629255516075
"22889",2572,10,25,116.4,649329,0.19,0.32,186284,0.158146830216116,0.161962177219664,96.2389792441401,5.16625041571687,-595.276471946615,-31.955319401914,594.427299216989,76064,0.205201528886346,0.211458595874375,-161.468852903449,-21.228025465851,-753.598455427032,-99.0742605473065,151.841174349869,108482.629754617,107198.984700902,475.801007695687,470.170985530274,18,25,57,0.0446037410768569,0.222433325152549,0.161128573377621,0.159018302166432,0.11277154890651,0.117193123305248,0.05,0.03,0.05,0,0.0528513860147829,2.24996081081081,2.03432753621622,1.07325452320554,0.0497197312350022,8.47602435895485,25,10,18,798,139,3.9487891625613,1.38760166589636,0.2407078,0.3182804,4445.57821026055,43,0.669738389369664,0.273876750160736,1,0.6478717131768
"43269",9918,10,25,109.72,622712,0.19,0.32,334868,0.155270118121783,0.162402444766016,165.521586372006,4.94289052319139,-1027.40927811711,-30.6810229140172,1068.17597377638,64129,0.204822782351224,0.210399608264337,-150.607515364517,-23.4850871469253,-647.073008035225,-100.901777360512,127.523587824513,115779.773836315,114090.377479155,516.87399034069,509.332042317656,19,25,56,0.153222421421308,0.16670599015201,0.0546862236138983,0.199518395500695,0.20792403561527,0.0419319933267622,0.05,0.03,0.05,0,0.0460109403700564,2.6032625,1.95144646283253,1.08614471470382,0.0545243545093414,8.4312160206704,25,10,19,768,227,3.21949493978173,1.75805183830671,0.2407078,0.3182804,4941.45195140485,44,0.663438131139176,0.265986794499962,1,0.643141641879713
"26845",6373,10,25,122.06,692624,0.19,0.32,80114,0.156617934094462,0.157681424069296,26.0107869097585,3.24672178517593,-260.419633284163,-32.5061329211078,254.862574948567,7421,0.206004185132455,0.208524515676072,-19.3525128062497,-26.078039086713,-76.8351187639412,-103.537419167149,14.6915282872907,116832.720805521,116488.80777937,503.589313816903,502.106930083491,17,25,58,0.242331150361805,0.180645290425716,0.147671520398181,0.205530092687046,0.0520061845677697,0.0352086583973245,0.05,0.03,0.05,0,0.00660710316215784,1.99732048192771,1.71655642627191,1.08744107322001,0.0705657149672318,8.35830086273323,25,10,17,556,239,2.26427928451449,0.159806254622526,0.2407078,0.3182804,4745.54733093003,42,0.653185924931379,0.250393375158591,1,0.634526433363323
"2691",2561,8,25,98.94,446132,0.19,0.32,72516,0.154542056521577,0.160125255173624,21.2062964765226,2.92436103432658,-233.396928543064,-32.1855767752032,230.573018718097,87920,0.19761019885252,0.203788683114103,-205.180294010375,-23.3371580994512,-865.082964925848,-98.3943317704558,174.87739266232,120654.684729266,119740.178833331,603.27342364633,598.700894166655,25,25,50,0.291268747748448,0.0566092281926052,0.115435658717833,0.287131909544266,0.0472957301807509,0.0112618737446296,0.05,0.03,0.05,0,0.0609968518714678,2.9556,2.35187897516989,1.09480417285455,0.0759711921400028,8.29673511417906,25,8,25,799,58,2.59702011104673,0.481251341034658,0.2407078,0.3182804,5264.19899920811,50,0.644529497826625,0.257282279362761,1,0.633937259063129
"40625",4924,8,25,103.4,469048,0.19,0.32,284140,0.148378509018853,0.160064174290968,91.0472267987605,3.20430867877668,-853.108669591778,-30.0242369814802,903.85901143922,184264,0.195155511737273,0.204468436773582,-379.249756014817,-20.5818692753233,-1753.75738409997,-95.176343946727,368.23836659356,123187.248306874,120868.584782399,581.071925975822,570.13483387924,22,25,53,0.0720526998577971,0.0773413640877719,0.000379236091136291,0.336921645174506,0.1665201318786,0.12058490128229,0.05,0.03,0.05,0,0.096200021627899,2.64054153846154,2.53644197098097,1.09383254956461,0.0652106822545571,8.18261507030508,25,8,22,764,153,2.31156593561172,1.29312273648102,0.2407078,0.3182804,5337.53137122331,47,0.62848369534414,0.266946908077636,1,0.631810201140592
"17720",7409,10,25,120.44,707507,0.19,0.32,46441,0.145760718290521,0.148810606912776,-4.56905897802713,-0.983841643811962,-154.224983662198,-33.2087990487282,146.745033234813,127487,0.196022316091373,0.206958119391515,-286.557612988119,-22.4773987142312,-1238.12893897014,-97.1180543090779,253.951206337186,128979.334718006,127878.107467339,528.603830811499,524.090604374342,14,25,61,0.291248106137478,0.0330853485471443,0.000982294616010212,0.258589391870222,0.0248591388286029,0.192704987620475,0.05,0.03,0.05,0,0.0685307323800671,2.35222763157895,2.17582408839187,1.08723337787798,0.0583287991511526,8.1989716121294,25,10,14,734,214,4.66219924110919,1.53828147316817,0.2407078,0.3182804,5424.76433245246,39,0.630783500273232,0.242175800963451,1,0.624319767078894
"41783",9026,9,25,128.94,720044,0.19,0.32,346336,0.146849492981655,0.151394415431048,259.796629272473,7.50128861199739,-883.025674174414,-25.4962139129173,1109.24598760183,216068,0.196339796959956,0.201742220554542,-537.601669957953,-24.8811332523998,-2145.98291165529,-99.3197933824209,428.635018038458,129832.460603888,127081.257058744,477.325222808411,467.21050389244,7,25,68,0.124395866913078,0.0647632666529215,0.210904337802087,0.187605142961694,0.157552910466588,0.0043056744006938,0.05,0.03,0.05,0,0.120472800802938,2.59699487179487,2.25077436388373,1.11377639961136,0.114950320890881,7.76472673497155,25,9,7,771,151,4.77503537666053,1.59908194497693,0.2407078,0.3182804,5808.26499431392,32,0.569726675447613,0.273337132381484,1,0.614354602609699
"16131",2990,10,25,103.08,609596,0.19,0.32,219246,0.149328295990097,0.157554269789765,178.391192836283,8.13657685140357,-562.313358156941,-25.6475994160414,702.907381976609,363298,0.20014509160964,0.210155028853398,-711.763632500528,-19.5917299985281,-3486.43597469883,-95.9662859332786,727.249142645639,131618.649704149,128103.272810957,548.411040433953,533.763636712322,17,23,60,0.15861788051373,0.0556948473337559,0.00725901579731735,0.233485267746004,0.120961104828388,0.0775484467711205,0.05,0.03,0.05,0,0.216433437009685,3.37564363636364,2.49601312405765,1.08608077734566,0.0635216235159103,8.14785926395986,23,10,17,767,92,1.26511760242283,0.155339659913443,0.2407078,0.3182804,5643.139034851,40,0.62359686928972,0.292334460574487,0.916666666666667,0.610865998843625
"36350",8381,10,25,116.18,673464,0.19,0.32,158455,0.152826827285706,0.163290364644,85.6856296268116,5.40756868680771,-467.877562990722,-29.5274723417199,505.819417378125,55940,0.19753468288196,0.215046241463152,-145.212877134537,-25.9586837923734,-563.631706987204,-100.756472468217,110.768456400268,137139.408412188,136167.426389718,571.414201717449,567.364276623823,17,23,60,0.185945652734729,0.0248898961998292,0.214605126027663,0.243186831665279,0.0901676996715079,0.0750407683024794,0.05,0.03,0.05,0,0.0361640253985123,2.2337641025641,2.06073527868684,1.0855957912066,0.0558802543982877,8.19681432970074,23,10,17,670,145,2.98144917190075,0.596313547436148,0.2407078,0.3182804,5535.42533382127,40,0.630480176452331,0.260557754546586,0.916666666666667,0.602568199221861
"33249",54,8,25,110.46,534752,0.19,0.32,407508,0.140905160143478,0.145588716655717,137.195648456407,3.36669828460808,-1124.00302623114,-27.5823548551474,1296.63206892226,36388,0.189435009494638,0.189907093469897,-77.076968424195,-21.1819743938098,-341.279460496918,-93.7890129979439,72.6444892314118,137880.571579711,136355.170412951,530.309890691196,524.442963126733,10,25,65,0.152347593504545,0.010705577361837,0.116203509672891,0.184087013683449,0.197482080514525,0.200671424379604,0.05,0.03,0.05,0,0.00850280088314971,2.81884864864865,2.77476514001788,1.1064242587214,0.102465308141905,7.55770276676669,25,8,10,894,147,2.74253435712308,0.150899968878366,0.2407078,0.3182804,5575.2232573104,35,0.540618154365868,0.265855022392554,1,0.602157725586141
"24963",2881,9,25,107.34,582946,0.19,0.32,186894,0.140723335197385,0.149618864426213,58.8832112093302,3.15062073738752,-518.448286448605,-27.7402317061331,594.465342277184,19497,0.202025172265202,0.20527665310001,-55.5807173311322,-28.5073177058687,-203.447482558573,-104.348095890944,38.4374810328365,150695.533216442,149970.334953556,607.643279098555,604.719092554662,13,25,62,0.233518267214678,0.0526364738472326,0.121922718809595,0.288176511064703,0.0963111393566597,0.0677108688447856,0.05,0.03,0.05,0,0.00972402086234572,2.90220303030303,2.22682547117362,1.09680386056794,0.0929827508930957,7.66597217171202,25,9,13,737,96,2.42751494888216,1.85177400766406,0.2407078,0.3182804,6172.16609134427,38,0.555841330134774,0.242555897997171,1,0.599465742710648
"5850",813,5,25,103.98,319790,0.19,0.32,157895,0.135514474083961,0.137485893052665,193.816447844412,12.275021238444,-275.133529607173,-17.4250944999634,509.52515820682,128900,0.178285459053458,0.184005847572504,-358.344208422428,-27.8001713283498,-1235.58124108442,-95.8557983773791,254.430907690497,160837.430303866,159491.243293752,670.155959599441,664.546847057301,15,25,60,0.12836083941586,0.0785733358123274,0.163379841704732,0.282156865325298,0.0775336844244197,0.0778430492848765,0.05,0.03,0.05,0,0.0621523840324871,3.52735,2.96247907995188,1.07562118802082,0.0551760668148694,7.08784014639234,25,5,15,980,129,4.63104446232319,1.11630072172266,0.2407078,0.3182804,6900.56844736434,40,0.47455331120164,0.28609502858618,1,0.586882779929273
"1856",5271,7,25,103.54,455948,0.19,0.32,96538,0.139505814823961,0.144632579099853,-16.9404130140439,-1.75479220763264,-309.171599102757,-32.0258964452088,304.665304573988,184618,0.182595250351707,0.192908704992165,-463.129361592396,-25.0858183704945,-1752.2674924827,-94.9131445732648,366.116004574176,161461.824736856,159880.455419877,611.597820972939,605.607785681352,10,24,66,0.207893805185786,0.039633768654559,0.210507069227669,0.224395171802125,0.0465592406040274,0.054233790358376,0.05,0.03,0.05,0,0.0867771541674573,3.23345882352941,2.26718612659119,1.07143546675261,0.0714778737726663,7.08698472629379,24,7,10,667,244,1.36774544138461,0.901371440826915,0.2407078,0.3182804,6734.0532498854,34,0.474433035205637,0.23073166797833,0.958333333333333,0.554499345505767
"20093",4416,7,25,99.96,429298,0.19,0.32,215266,0.141190448452933,0.147659799346744,25.034314717367,1.16294792105428,-640.684853422571,-29.7624730994477,682.542243007111,20512,0.189121296813665,0.196224949483789,-64.444782407486,-31.4180881471753,-210.563553158404,-102.653838318255,40.235317778128,169485.101389706,168673.263450815,683.407666893975,680.134126817802,14,24,62,0.267977266275437,0.0293639619777405,0.0356561681615005,0.360045480029998,0.111702134667368,0.0500424441142093,0.05,0.03,0.05,0,0.0152125447737465,4.55217826086957,2.85825884411495,1.07758894001772,0.0579694315816905,7.11922192431872,24,7,14,864,133,2.73121996968985,0.909340654034168,0.2407078,0.3182804,7862.83416222928,38,0.478965733358715,0.224671995226231,0.958333333333333,0.55399035397276
"23949",7821,9,25,89.3,507496,0.19,0.32,559904,0.132047547042397,0.137560009335912,275.538090945699,4.92116668117569,-1307.68520517476,-23.3555253253194,1785.94361269293,188325,0.172299431098548,0.179280659850368,-561.782586416088,-29.8304838134123,-1800.87177368751,-95.6257413347942,370.426453634084,172513.382164408,169691.069681016,582.815480285163,573.280640814244,1,25,74,0.0135733222405645,0.022515435124214,0.186791689758988,0.276738060069522,0.225592238841182,0.0625269490295729,0.05,0.03,0.05,0,0.0822623049359567,5.36261739130435,3.09434499227969,1.04748249470759,0.0403480273549788,6.62141409487179,25,9,1,998,164,3.978401331231,1.69080102751032,0.2407078,0.3182804,7394.85978188428,26,0.408971665407249,0.246554911571166,1,0.551842192326138
"1439",5409,8,25,98.16,515936,0.19,0.32,247492,0.130944648227935,0.133063215355041,44.2707591269734,1.78877535948529,-643.666885366066,-26.0075834922368,785.505648671512,135424,0.16898931846549,0.175843475720787,-405.70489395764,-29.9581236677133,-1281.47081556548,-94.626566603075,266.313838348842,187340.23777445,185776.534208349,641.576156761815,636.221007562839,2,25,73,0.194956273001307,0.0112367233762097,0.163343891729681,0.291051832156182,0.105061836690018,0.0497873142781591,0.05,0.03,0.05,0,0.0545621287684427,4.63295094339623,2.93378813164709,1.07747584934881,0.0765911258354122,6.48066150592775,25,8,2,852,119,1.49555682670325,0.797632005461492,0.2407078,0.3182804,8129.12525543851,27,0.389181204727192,0.231958759613858,1,0.540379988113683
"17878",8273,6,25,100.98,399786,0.19,0.32,294452,0.122059817995705,0.132129548159845,-88.3275221140801,-2.99972566374418,-819.166998955452,-27.8200521292248,927.40710866234,127852,0.165523625349366,0.172441766155712,-395.673452339744,-30.9477718252154,-1205.89760229816,-94.3198074569156,250.992754821,190688.300761754,189147.237134954,644.217232303224,639.010936266738,1,25,74,0.0920854743404422,0.12309399259955,0.160551682809335,0.274569678879273,0.122167302350348,0.0487410914603282,0.05,0.03,0.05,0,0.0487907775607231,4.15421612903226,2.55390851044739,1.06196109795793,0.0594378181370923,6.12745524199721,25,6,1,746,132,3.67026045173407,1.48686236680951,0.2407078,0.3182804,8111.24264206913,26,0.339518781245616,0.207224772875752,1,0.515581184707122
"19574",8821,2,25,112.84,148475,0.19,0.32,361461,0.11798206317099,0.123278712094018,-22.9278912847538,-0.634311621025609,-877.796457242507,-24.2846795986983,1142.79045436523,46765,0.156276225861132,0.158425284941126,-176.285351215334,-37.6960015428919,-454.538743383883,-97.1963526962222,90.7327575818359,194884.644539187,193751.522581061,686.213537109815,682.223671060074,4,25,71,0.110809511805671,0.104308444980613,0.285660496116516,0.216116956980188,0.132012998542489,0.00451735897952649,0.05,0.03,0.05,0,0.0165742325949963,4.2197265625,3.24857220618644,1.0927705347812,0.0798430165767509,5.67733640255544,25,2,4,981,186,3.90583423152566,1.18743594598491,0.2407078,0.3182804,7983.79805343089,29,0.27623000439145,0.197392613597933,1,0.491207539329794
"13940",3156,2,25,99.78,140391,0.19,0.32,247285,0.11617534253354,0.120615300534214,-110.943047470492,-4.48644468813281,-678.288587757658,-27.4294270884873,776.98722845785,211575,0.152305454573111,0.158521384123637,-845.438100351471,-39.9592626894232,-2070.69160922198,-97.8703348326588,408.865042187875,194998.111576825,193205.512527667,658.77740397576,652.721326106982,1,25,74,0.249390387779166,0.121941989410875,0.291824332184027,0.017459425407203,0.0924444118522538,0.0205645440066587,0.05,0.03,0.05,0,0.0763749093598163,5.15801636363636,2.75930676578198,1.07895091473657,0.0708439342189163,5.68447296460997,25,2,1,823,199,2.35700685530901,0.383648977172561,0.2407078,0.3182804,7190.9773655393,26,0.27723343780458,0.173025127854962,1,0.483419521886514
"30155",3122,4,25,116.8,314155,0.19,0.32,199956,0.118083014478731,0.12243050221263,-131.157618311662,-6.55932396685579,-600.158631953843,-30.0145347953471,626.176285611649,198689,0.15360214043961,0.162607923522749,-714.970782457674,-35.9844169761624,-1882.4994713571,-94.7460338195422,386.650784016551,196995.910683421,195359.380980879,674.643529737744,669.038975961916,3,24,73,0.120765289029454,0.121008553669633,0.0229597210537556,0.379317543826215,0.0790474232856369,0.0698846460560411,0.05,0.03,0.05,0,0.0770168230792646,3.07711176470588,2.04011043570194,1.08937099623604,0.102440481158983,5.92158995354435,24,4,3,596,109,3.06103147007525,0.836723272502422,0.2407078,0.3182804,9128.41586162228,27,0.310573175860447,0.175734073159478,0.958333333333333,0.481546860784419
"32162",3940,4,25,97.32,258974,0.19,0.32,43516,0.111765666236991,0.113267160065335,-20.612145944047,-4.73668212704454,-114.38504880545,-26.2857451984212,136.675230460305,124503,0.148983902461032,0.153090401439757,-443.477508724661,-35.6198251226605,-1155.7950351147,-92.8327056468281,242.43856626992,201064.782616019,200258.692186767,670.215942053396,667.52897395589,1,24,75,0.160814995186161,0.138503889785215,0.169586952373133,0.16312134896545,0.0199027358387054,0.170087077966458,0.05,0.03,0.05,0,0.0479829998848765,5.8858,2.62186955077943,1.08826256279578,0.113598546828076,5.75817025965603,24,4,1,895,84,3.42739949468523,1.35445539592765,0.2407078,0.3182804,7317.52346178811,25,0.287595616083344,0.185111686137681,0.958333333333333,0.477013545184786
"8631",8623,4,25,108.32,287238,0.19,0.32,384661,0.120138668579528,0.126078254333172,-188.148786365177,-4.89128833869764,-1117.56524277122,-29.0532505965309,1207.84355254242,49975,0.157447614178849,0.161908870234338,-181.755018325858,-36.3691882593013,-481.845990614531,-96.4174068263193,97.1864103482896,220195.719036575,218966.211607881,743.904456204646,739.750714891488,3,23,74,0.261786526281823,0.00880204789005514,0.0291350472117625,0.405318175993076,0.14722841993858,0.00011939111836789,0.05,0.03,0.05,0,0.0176103915663359,4.26517777777778,3.22798296745938,1.08771957357061,0.105007974095977,5.59656167201204,23,4,3,802,236,2.550158707425,1.673211897281,0.2407078,0.3182804,10017.1384117084,26,0.26487270616515,0.182127272183388,0.916666666666667,0.454555548338402
"2460",4559,2,25,106.92,139410,0.19,0.32,99394,0.103647158720608,0.107537869923323,-110.877905890014,-11.1553922661342,-297.709147779406,-29.952426482424,308.944995902021,45904,0.157292420700502,0.160770733302927,-152.26442345328,-33.1701863570232,-429.164695904804,-93.4917863159647,89.7692858884672,220478.426865512,220014.695351171,787.422953091115,785.766769111326,6,24,70,0.109588432474323,0.17849976445054,0.134570521384671,0.363401359173,0.0293244757235791,0.0367574685485451,0.05,0.03,0.05,0,0.0178579782453408,4.97416363636364,3.08805097212319,1.08082699838085,0.0504649985995291,5.327362631753,24,2,6,891,109,3.44742620363832,1.43760350833181,0.2407078,0.3182804,9147.40194835668,30,0.22702208429507,0.163462659560414,0.958333333333333,0.449606025729606
"17119",2875,3,25,93.4,193511,0.19,0.32,80034,0.111796445136993,0.119634229835486,-20.8130325402773,-2.60052384490059,-194.057632102277,-24.2468990806753,252.237243399348,284155,0.150323658706967,0.160696267689294,-1033.6263481707,-36.3754411560837,-2670.34783255208,-93.9750429361467,552.590340043197,224093.592531984,222283.62644804,718.248694012769,712.447520666795,2,20,78,0.205293791162269,0.263208096884256,0.0239432472115958,0.249053287705131,0.0237974470939547,0.00735734341175186,0.05,0.03,0.05,0,0.097346786531042,6.1230387755102,3.42005350145873,1.07289924806473,0.084002623216264,5.06198936291004,20,3,2,972,153,3.51130867563188,1.22608600091189,0.2407078,0.3182804,9390.40575369988,22,0.189709383463239,0.192498198052701,0.791666666666667,0.391291416060869
"30066",208,1,25,101.24,73724,0.19,0.32,61664,0.105245742606693,0.1086095070379,-5.26758490965325,-0.854239898425864,-126.243043702567,-20.4727302319938,194.887405394921,406968,0.142516232371057,0.151507111624888,-1592.1220127152,-39.1215528669379,-3815.43449759954,-93.7526905702547,787.618875145821,224136.107317355,221791.819373677,709.29147885239,701.87284611923,3,18,79,0.186841972840751,0.0897200271644676,0.202716675869062,0.205262739688133,0.0219877585550961,0.0342821451696514,0.05,0.03,0.05,0,0.129188680712839,5.29182372881356,3.66933319228153,1.07187546837595,0.0463410459328627,4.84654804153955,18,1,3,913,231,1.38718458358198,0.650690909521654,0.2407078,0.3182804,9479.29709873968,21,0.15941734385367,0.192051694030816,0.708333333333333,0.353267457072607
"9699",5551,1,25,96.94,68504,0.19,0.32,435304,0.122743851145961,0.131057636322366,138.354693641245,3.17834648064905,-962.37566399787,-22.108128204608,1384.65958628306,197376,0.150357747576731,0.173429855789732,-758.920579273512,-38.4504995173432,-1891.72967488192,-95.8439564527559,382.439174405339,227811.50341586,225577.963962613,730.165075050834,723.006294751964,5,17,78,0.160507559657769,0.137104697980318,0.0237375575783806,0.283614672551738,0.145255363101218,0.057117132094368,0.05,0.03,0.05,0,0.0626630170362082,6.28591020408163,3.2394703921735,1.06870877368452,0.0450001976966396,4.95103257419281,17,1,5,987,102,1.869030485861,1.90567228696309,0.2407078,0.3182804,10111.1607705169,22,0.174108349189071,0.212386454350387,0.666666666666667,0.351053823402042
"23125",548,6,25,104.94,460768,0.19,0.32,88240,0.128458540597228,0.131261654714843,-33.5786464107225,-3.80537697310999,-269.917177905669,-30.588982083598,277.560877125958,215866,0.160202353868533,0.168577843945363,-734.443757522006,-34.0231327546722,-2056.20344625908,-95.2536965644926,421.518231775047,231719.617234231,230161.519013999,681.528285983033,676.94564415882,1,14,85,0.252798321426049,0.0233374410508801,0.0566164250970105,0.299228966397795,0.0336123328416084,0.127347291452684,0.05,0.03,0.05,0,0.0770592217339726,4.59301875,3.18109722624403,1.07077495905248,0.0654800943106045,5.53934922293691,14,6,1,955,194,3.82022015471011,0.308054161490873,0.2407078,0.3182804,9384.10041243094,15,0.256828372967973,0.194200560172185,0.541666666666667,0.330898533268942
"32397",6923,2,25,119.24,175414,0.19,0.32,26260,0.107707744144316,0.111099754813475,-24.394865857638,-9.28974328165957,-77.2426861945486,-29.4145796628136,81.8717936137779,407917,0.143548414942337,0.153268621999249,-1655.90175469694,-40.59408543152,-3892.99142205968,-95.4358710732741,787.411295443203,232164.24580481,229874.30831711,707.817822575641,700.836305844849,2,16,82,0.249664604901194,0.0889652254779578,0.108563790852279,0.264709681993537,0.00931580750203058,0.0183737506492879,0.05,0.03,0.05,0,0.130407138623714,3.50032134831461,2.29510753558085,1.07563148547934,0.0620501490026934,4.90056246351384,16,2,2,627,68,2.12795586604625,0.57474834297318,0.2407078,0.3182804,9958.3857263987,18,0.167012019747434,0.149305118486384,0.625,0.313772379411273
"13892",5607,2,25,103.08,155377,0.19,0.32,90697,0.110261607433523,0.116035746233129,-49.4108201101968,-5.4479001632024,-240.337388361176,-26.4989347344649,284.534716545408,111156,0.134660616451427,0.144212278226299,-465.026440031955,-41.8354780697358,-1039.0957888143,-93.4808547279767,214.097306015792,233892.382622527,233127.386705494,679.919716925951,677.695891585737,1,13,86,0.296142838912958,0.190453476908671,0.228268427983246,0.0889927476150314,0.0274014967400799,0.00668547159990214,0.05,0.03,0.05,0,0.0320555402401117,5.58020847457627,3.48828209355799,1.07420930224941,0.063211905018568,4.55667164844822,13,2,1,956,246,3.77536222431809,1.61190414018929,0.2407078,0.3182804,8769.81146760496,14,0.118659391175219,0.162947844779721,0.5,0.260535745318313
"4087",8983,1,25,166.16,125336,0.19,0.32,394184,0.125559259187018,0.13372258630933,-453.043681404322,-11.4932032097782,-1460.77916766049,-37.0583069749278,1224.56207500865,148448,0.16462967942955,0.176210444841883,-546.746459511014,-36.8308403960319,-1473.38303326925,-99.2524677509467,288.453681612067,234745.469457412,232811.097397397,724.523053880901,718.552769745052,8,11,81,0.229959855483497,0.0722062130518974,0.0598464653636924,0.332245149104172,0.126550616559765,0.0013834351848931,0.05,0.03,0.05,0,0.0478082652520836,1.82617777777778,1.52568686085501,1.0773075520952,0.0557996117340305,4.78198723553764,11,1,8,312,174,2.47040516044945,1.10075033267494,0.2407078,0.3182804,10842.2289354352,19,0.150339797911254,0.150777091455817,0.416666666666667,0.239261185344579
"25574",3119,2,25,120.64,189665,0.19,0.32,135664,0.108977016365557,0.110916368212485,-164.128727405996,-12.098178397069,-441.317122857785,-32.5301570687717,421.034568751913,293287,0.15123475130708,0.160590934778524,-1097.14466803746,-37.4085679909939,-2792.5021017976,-95.2139747686599,569.317968689169,243888.866145457,241916.320316245,700.830075130625,695.161839989209,2,11,87,0.129766684187989,0.104969183575161,0.1757659431729,0.273593718925973,0.0446288386247417,0.049173917532138,0.05,0.03,0.05,0,0.0921017139810982,4.18865189873418,2.85485533024547,1.08153913507706,0.0525467948155836,4.50428298540842,11,2,2,826,101,3.65729271247983,0.601967480871826,0.2407078,0.3182804,10434.2604890441,13,0.11129330445704,0.14627293125721,0.416666666666667,0.224744300793639
"40371",5160,2,25,112.02,176817,0.19,0.32,73139,0.103676007420646,0.107432974248662,-152.848083966102,-20.8983010385843,-288.248324911316,-39.4110289874507,223.726898324834,245297,0.132687620558087,0.142413406991274,-1057.15878713464,-43.0970940180532,-2304.17473838131,-93.9340773992878,471.412771333561,252123.113558827,250740.697366635,724.491705628814,720.519245306422,1,12,87,0.101063446653984,0.131680776183292,0.209150032502145,0.297309163674996,0.0222246925869914,0.0344736847150603,0.05,0.03,0.05,0,0.0740982036835319,4.30959358974359,3.14409810289179,1.07881788126238,0.0744107265142452,4.24443026397722,12,2,1,850,239,2.59722053445876,1.76600454638246,0.2407078,0.3182804,11060.2626651278,13,0.0747568179549371,0.0890271705105689,0.458333333333333,0.207372440599613
"18961",4760,2,25,110.86,177356,0.19,0.32,190310,0.113394667711207,0.123067241593661,-159.815456650505,-8.39763841366743,-576.998533759643,-30.3188762419023,594.196780148412,363455,0.154040749437216,0.167837153188764,-1297.19454360855,-35.6906506612524,-3439.44464806877,-94.6319254947317,707.650434127125,263915.461835383,261356.028653813,725.042477569734,718.011067730254,2,7,91,0.270703086083464,0.102369703670965,0.0670358364925307,0.260169384968424,0.0521553428206427,0.011805137037655,0.05,0.03,0.05,0,0.105761508926319,4.10169882352941,3.60326290053276,1.07320213225139,0.0663924743000916,4.20429639401971,7,2,2,935,186,4.87701138108969,0.525848621292971,0.2407078,0.3182804,11385.9619095095,9,0.0691138114476221,0.168291281795291,0.25,0.162468364414304
